photo,err_m,margin,boundary,rms_mrad,relief_mrad,verdict
04032011388_01024,354,0.273,0,4.2,12.8,TRUE-ACCEPT
04032011389_01024,1031,0.477,0,3.9,21.1,FALSE-ACCEPT
04032011390_01024,1275,0.407,0,4.5,14.6,FALSE-ACCEPT
04032011391_01024,500,0.045,0,5.7,15.3,CAUGHT
2011-04-30_18.37.52_01024,2250,0.030,1,7.7,38.1,CAUGHT
2011-04-30_18.40.20_01024,1250,0.054,0,9.1,66.4,CAUGHT
2011-10-01_17.13.12_01024,2795,0.019,1,11.2,85.0,CAUGHT
2011-10-01_17.15.04_01024,2151,0.299,0,11.4,105.3,FALSE-ACCEPT
2011-10-01_17.18.26_01024,2151,0.015,0,8.2,59.4,CAUGHT
2011-10-01_17.19.13_01024,2704,0.031,1,9.5,61.0,CAUGHT
2011-10-04_14.25.54_01024,250,0.319,0,6.7,54.1,TRUE-ACCEPT
2011-10-04_14.26.04_01024,0,1.097,0,4.1,41.1,TRUE-ACCEPT
2011-10-04_14.26.13_01024,0,0.128,0,5.2,29.4,OVER-CAUTIOUS
2011-10-04_14.31.44_01024,2151,0.736,0,8.5,39.8,FALSE-ACCEPT
2011-10-04_14.42.53_01024,2016,0.180,0,9.6,57.7,FALSE-ACCEPT
2011-10-04_14.43.05_01024,1500,0.069,0,10.0,56.9,CAUGHT
2011-10-04_14.44.30_01024,3202,0.327,1,9.4,38.4,CAUGHT
2011-10-04_14.48.13_01024,3010,0.218,1,10.1,73.9,CAUGHT
2011-10-04_14.48.49_01024,2693,0.008,1,11.9,49.8,CAUGHT
2011-10-04_14.56.14_01024,2264,0.002,1,11.5,101.5,CAUGHT
2011-10-04_15.06.11_01024,1803,0.139,0,9.2,34.3,CAUGHT
2011-10-04_15.06.31_01024,1118,0.376,0,12.5,123.5,CAUGHT
2011-10-04_15.06.42_01024,1750,0.001,0,9.8,63.9,CAUGHT
2011-10-04_15.09.39_01024,2016,0.119,0,5.8,24.0,CAUGHT
2011-10-04_15.12.05_01024,2062,0.009,0,6.6,30.3,CAUGHT
2011-10-04_15.13.14_01024,3010,0.074,1,19.7,97.7,CAUGHT
2011-10-04_15.15.40_01024,901,0.032,0,17.9,124.3,CAUGHT
2011-10-04_15.19.34_01024,791,0.013,0,7.5,79.0,CAUGHT
2011-10-04_15.20.30_01024,2264,0.010,1,6.1,33.3,CAUGHT
2011-10-04_15.20.38_01024,2250,0.297,1,6.0,29.2,CAUGHT
2011-10-04_15.20.55_01024,1904,0.025,0,5.8,30.8,CAUGHT
2011-10-04_15.22.47_01024,1250,0.017,0,5.1,19.8,CAUGHT
2011-10-04_15.28.13_01024,1581,0.005,0,5.7,27.0,CAUGHT
2011-10-04_15.46.39_01024,1820,0.119,0,5.2,21.9,CAUGHT
2011-10-04_15.48.56_01024,2512,0.013,1,7.4,41.8,CAUGHT
2011-10-04_15.50.30_01024,2016,0.044,0,14.2,121.9,CAUGHT
2011-10-04_15.52.38_01024,3536,0.318,1,5.9,40.9,CAUGHT
2011-10-04_16.03.27_01024,1904,0.625,0,9.1,69.8,FALSE-ACCEPT
2011-10-04_16.13.26_01024,3363,0.003,1,7.1,64.6,CAUGHT
2011-10-04_16.20.03_01024,3202,0.095,1,9.9,64.6,CAUGHT
2011-10-04_16.21.36_01024,1803,0.050,0,6.3,37.4,CAUGHT
2011-10-06_11.24.33_01024,3182,0.074,1,7.2,76.3,CAUGHT
2011-10-06_14.41.52_01024,2915,0.180,1,8.7,56.3,CAUGHT
2011-10-06_14.42.18_01024,2915,0.157,1,22.5,60.7,CAUGHT
2011-10-06_14.42.24_01024,2610,0.056,1,9.4,39.4,CAUGHT
2011-10-06_14.43.20_01024,2264,0.142,1,8.1,53.1,CAUGHT
2011-10-06_15.11.17_01024,2512,0.310,1,8.0,63.1,CAUGHT
2011-10-07_10.26.24_01024,2658,0.167,0,15.3,10.8,CAUGHT
2011-10-07_10.52.05_01024,791,0.109,0,7.8,74.9,CAUGHT
2011-10-07_11.01.09_01024,2264,0.139,1,10.1,105.8,CAUGHT
2011-10-07_11.37.54_01024,2136,0.094,0,8.2,46.6,CAUGHT
2011-10-07_11.56.32_01024,2358,0.025,0,8.9,43.5,CAUGHT
2012-02-18_18.32.18_01024,2305,0.285,0,8.2,102.9,FALSE-ACCEPT
DSCF3435_01024,1601,0.443,0,4.9,24.4,FALSE-ACCEPT
DSCF3436_01024,250,0.129,0,3.9,10.0,OVER-CAUTIOUS
DSCF3440_01024,2016,0.061,0,2.3,4.9,CAUGHT
DSCF3441_01024,2305,0.011,0,4.0,14.9,CAUGHT
DSCF3442_01024,3202,0.019,1,4.3,14.4,CAUGHT
DSCF3452_01024,1275,0.040,0,4.0,23.3,CAUGHT
DSCF3456_01024,750,0.389,0,5.0,52.3,FALSE-ACCEPT
DSCF3458_01024,354,0.232,0,3.5,24.8,TRUE-ACCEPT
IMG_1820_01024,2462,0.709,1,3.9,27.8,CAUGHT
IMG_1821_01024,2264,0.046,1,8.5,43.7,CAUGHT
IMG_1838_01024,559,0.043,0,8.8,33.1,CAUGHT
IMG_1840_01024,2358,0.037,0,8.0,49.0,CAUGHT
IMG_1854_01024,559,0.374,0,4.7,29.4,FALSE-ACCEPT
IMG_1855_01024,2574,0.923,1,9.0,153.9,CAUGHT
IMG_1856_01024,1581,0.042,0,7.9,40.5,CAUGHT
IMG_4833_01024,500,0.032,0,5.1,23.7,CAUGHT
IMG_4922_01024,1275,0.089,0,5.8,22.2,CAUGHT
IMG_4923_01024,2550,0.069,1,6.2,23.6,CAUGHT
IMG_4930_01024,2016,0.056,0,6.2,33.2,CAUGHT
IMG_4948_01024,707,0.895,0,4.4,23.7,FALSE-ACCEPT
IMG_4955_01024,250,0.149,0,5.6,19.7,OVER-CAUTIOUS
IMG_4958_01024,250,0.039,0,7.1,39.8,OVER-CAUTIOUS
IMG_4970_01024,250,0.219,0,5.9,26.5,TRUE-ACCEPT
IMG_4972_01024,707,0.261,0,4.9,24.9,FALSE-ACCEPT
IMG_4985_01024,901,0.041,0,5.9,30.1,CAUGHT
IMG_4986_01024,250,0.216,0,5.1,13.6,TRUE-ACCEPT
IMG_4999_01024,791,0.403,0,4.6,31.2,FALSE-ACCEPT
IMG_5004_01024,2236,0.044,0,6.2,25.8,CAUGHT
IMG_5008_01024,750,0.552,0,4.7,25.6,FALSE-ACCEPT
IMG_5011_01024,750,0.097,0,5.0,21.9,CAUGHT
IMG_5021_01024,2236,0.012,0,6.4,23.5,CAUGHT
IMG_5038_01024,250,1.005,0,4.5,38.0,TRUE-ACCEPT
IMG_5039_01024,354,0.293,0,5.7,32.6,TRUE-ACCEPT
IMG_5040_01024,791,0.096,0,6.2,31.5,CAUGHT
IMG_5045_01024,1677,0.120,0,5.8,63.2,CAUGHT
IMG_5046_01024,1581,0.146,0,5.2,13.0,CAUGHT
IMG_5104_01024,3202,0.100,1,6.5,45.6,CAUGHT
IMG_5106_01024,1031,0.432,0,5.1,36.2,FALSE-ACCEPT
IMG_5113_01024,791,0.420,0,5.1,29.5,FALSE-ACCEPT
IMG_5114_01024,2151,0.047,0,5.7,18.4,CAUGHT
IMG_5117_01024,2358,0.175,0,5.2,21.1,FALSE-ACCEPT
IMG_5118_01024,3010,0.035,1,5.8,32.8,CAUGHT
IMG_5125_01024,354,0.135,0,5.1,23.6,OVER-CAUTIOUS
IMG_5126_01024,2610,0.080,1,5.1,19.2,CAUGHT
IMG_5128_01024,354,0.119,0,5.1,17.1,OVER-CAUTIOUS
IMG_5130_01024,500,0.793,0,4.6,34.8,FALSE-ACCEPT
IMG_5131_01024,2305,0.220,1,5.4,20.4,CAUGHT
IMG_5133_01024,2062,0.110,0,6.6,34.4,CAUGHT
IMG_5141_01024,354,0.068,0,5.9,24.8,OVER-CAUTIOUS
IMG_5143_01024,2574,0.126,1,5.9,37.2,CAUGHT
IMG_5145_01024,707,0.106,0,6.2,38.5,CAUGHT
IMG_5153_01024,354,0.186,0,4.9,19.1,TRUE-ACCEPT
IMG_5156_01024,250,0.030,0,6.0,24.8,OVER-CAUTIOUS
IMG_5159_01024,1346,0.194,0,5.3,18.5,FALSE-ACCEPT
IMG_5178_01024,3536,0.065,1,6.1,25.9,CAUGHT
IMG_5180_01024,2850,0.033,1,6.1,33.3,CAUGHT
IMG_5181_01024,3182,0.059,1,5.8,27.0,CAUGHT
IMG_5187_01024,1458,0.129,0,3.7,9.7,CAUGHT
IMG_5195_01024,2016,0.139,0,4.6,33.2,CAUGHT
IMG_5199_01024,1031,0.210,0,5.3,20.0,FALSE-ACCEPT
IMG_5200_01024,0,0.411,0,5.2,46.3,TRUE-ACCEPT
IMG_5234_01024,354,1.042,0,4.2,39.5,TRUE-ACCEPT
IMG_5238_01024,1750,0.056,0,6.1,31.1,CAUGHT
IMG_5239_01024,250,0.282,0,6.5,54.5,TRUE-ACCEPT
IMG_5241_01024,0,0.103,0,8.3,106.4,OVER-CAUTIOUS
IMG_5242_01024,250,0.482,0,7.3,71.8,TRUE-ACCEPT
IMG_5255_01024,2016,0.084,0,7.3,66.4,CAUGHT
IMG_5268_01024,0,0.512,0,5.1,40.3,TRUE-ACCEPT
_dsc0011_01024,1521,0.136,0,2.0,3.4,CAUGHT
_dsc0013_01024,2704,0.020,1,2.7,4.6,CAUGHT
_dsc0022_01024,2704,0.002,1,2.8,4.6,CAUGHT
_dsc0024_01024,2795,0.175,1,2.6,5.1,CAUGHT
_dsc0027_01024,1581,0.079,0,2.6,4.9,CAUGHT
_dsc0028_01024,1000,0.074,0,2.0,3.7,CAUGHT
_dsc0030_01024,3202,0.032,1,2.7,4.1,CAUGHT
_dsc0034_01024,2462,0.059,1,2.6,5.8,CAUGHT
_dsc0035_01024,2016,0.105,0,2.0,2.7,CAUGHT
_dsc0037_01024,1820,0.143,0,2.6,5.8,CAUGHT
_dsc0051_01024,2795,0.013,1,3.0,5.3,CAUGHT
_dsc0071_01024,2000,0.046,0,2.8,7.0,CAUGHT
_dsc0074_01024,3202,0.056,1,2.1,3.1,CAUGHT
chur_DSC02394_01024,1250,0.016,0,4.4,26.3,CAUGHT
corvatschDSC00564_01024,559,0.657,0,5.5,25.8,FALSE-ACCEPT
dsc02493_01024,2462,0.137,1,6.6,35.5,CAUGHT
dsc02494_01024,2000,0.149,0,7.1,34.5,CAUGHT
dsc02497_01024,2658,0.147,0,6.9,22.7,CAUGHT
dsc02498_01024,2236,0.120,0,7.1,30.4,CAUGHT
dsc02502_01024,0,0.246,0,5.3,25.9,TRUE-ACCEPT
dsc02503_01024,750,0.042,0,7.8,30.5,CAUGHT
dsc02509_01024,2500,0.158,1,7.1,22.5,CAUGHT
dsc02510_01024,2512,0.171,1,6.4,17.3,CAUGHT
dsc02511_01024,2693,0.038,1,8.1,24.6,CAUGHT
dsc02512_01024,250,0.136,0,7.1,22.3,OVER-CAUTIOUS
dsc02513_01024,2500,0.101,0,8.2,28.5,CAUGHT
dsc02516_01024,2462,0.012,1,7.9,20.5,CAUGHT
dsc02517_01024,0,0.421,0,6.8,23.7,TRUE-ACCEPT
dsc02518_01024,2151,0.011,0,8.6,27.5,CAUGHT
dsc02523_01024,1750,0.247,0,7.4,37.4,FALSE-ACCEPT
dsc02527_01024,0,0.194,0,6.9,24.8,TRUE-ACCEPT
dsc02528_01024,354,0.312,0,6.6,28.1,TRUE-ACCEPT
dsc02529_01024,2062,0.052,0,7.9,46.2,CAUGHT
dsc02538_01024,250,0.184,0,6.4,22.7,TRUE-ACCEPT
dsc02539_01024,250,0.236,0,6.8,22.7,TRUE-ACCEPT
dsc02545_01024,2512,0.101,1,7.4,41.3,CAUGHT
dsc02546_01024,1677,0.214,0,6.5,47.1,FALSE-ACCEPT
dsc02604_01024,2795,0.058,1,7.8,32.9,CAUGHT
dsc02605_01024,1601,0.429,0,6.7,25.0,FALSE-ACCEPT
dsc02606_01024,2550,0.170,1,6.8,23.1,CAUGHT
dsc02607_01024,2016,0.107,0,6.2,17.5,CAUGHT
dsc02608_01024,250,0.233,0,5.4,27.8,TRUE-ACCEPT
dsc02715_01024,354,0.098,0,2.9,9.8,OVER-CAUTIOUS
dsc02716_01024,3536,0.002,1,3.8,10.1,CAUGHT
dsc02717_01024,1601,0.143,0,6.9,31.6,CAUGHT
dsc02718_01024,3202,0.190,1,9.7,56.0,CAUGHT
dsc02719_01024,2000,0.008,0,6.2,29.5,CAUGHT
dsc02720_01024,2062,0.003,0,9.6,34.4,CAUGHT
dsc02728_01024,2795,0.139,1,5.2,15.8,CAUGHT
dsc02729_01024,2693,0.001,1,8.2,38.0,CAUGHT
dsc02737_01024,2136,0.009,0,5.5,37.5,CAUGHT
dsc02754_01024,354,0.431,0,5.7,30.7,TRUE-ACCEPT
dsc02806_01024,2500,0.347,0,4.1,21.8,FALSE-ACCEPT
dsc02809_01024,500,0.128,0,4.4,29.4,CAUGHT
dsc02812_01024,2500,0.065,0,2.6,5.5,CAUGHT
dsc02828_01024,2550,0.463,1,11.4,53.4,CAUGHT
dsc02830_01024,1677,0.086,0,19.3,85.1,CAUGHT
dsc02833_01024,1768,0.084,0,6.2,18.6,CAUGHT
dsc02834_01024,3052,0.117,1,4.9,16.0,CAUGHT
dsc03016_01024,2795,0.002,1,10.0,52.2,CAUGHT
dsc03102_01024,2305,0.147,1,3.9,14.0,CAUGHT
dsc03118_01024,1458,0.104,0,8.3,62.1,CAUGHT
dsc03119_01024,1250,0.327,0,4.3,33.0,FALSE-ACCEPT
dsc03127_01024,3363,0.306,1,7.5,64.8,CAUGHT
dsc03128_01024,3536,0.014,1,5.5,55.5,CAUGHT
dsc03145_01024,2610,0.072,1,8.0,67.0,CAUGHT
dsc05142_01024,0,0.421,0,9.3,90.3,TRUE-ACCEPT
dsc05274_01024,0,0.617,0,5.3,47.1,TRUE-ACCEPT
dsc05325_01024,559,0.017,0,8.8,65.1,CAUGHT
img_3407_01024,2658,0.012,0,11.6,71.8,CAUGHT
img_3408_01024,2610,0.139,1,12.2,82.1,CAUGHT
rapperswildsc00198_01024,1677,0.052,0,1.9,4.6,CAUGHT
rigistaffelDSC08881_01024,2658,0.020,0,3.0,8.2,CAUGHT
stmoritzDSC00551_01024,0,2.014,0,3.4,33.8,TRUE-ACCEPT
stmoritzDSC00554_01024,0,0.574,0,4.4,17.8,TRUE-ACCEPT
1332166_01024,0,0.389,0,4.7,22.4,TRUE-ACCEPT
20663115_01024,1000,0.415,0,3.8,14.3,FALSE-ACCEPT
24945353_01024,354,0.259,0,6.4,20.2,TRUE-ACCEPT
39298990_01024,1750,0.516,0,4.6,17.3,FALSE-ACCEPT
45814775_01024,1346,0.057,0,6.3,22.7,CAUGHT
48605067_01024,0,1.050,0,5.4,71.1,TRUE-ACCEPT
60648419_01024,791,0.518,0,4.3,19.5,FALSE-ACCEPT
