photo,err_default,margin_default,dn_default,de_default,err_loose,margin_loose,dn_loose,de_loose,err_strict,margin_strict,dn_strict,de_strict,err_deep,margin_deep,dn_deep,de_deep
04032011388_01024,354,0.497,-250,-250,354,0.307,-250,-250,354,0.324,-250,-250,354,0.536,-250,-250
04032011389_01024,901,0.574,750,-500,791,0.591,750,-250,707,0.185,500,-500,901,0.571,750,-500
04032011390_01024,1250,0.233,0,-1250,1250,0.208,0,-1250,1250,0.182,0,-1250,1250,0.233,0,-1250
04032011391_01024,559,0.206,-250,500,559,0.211,-250,500,559,0.006,250,-500,559,0.205,-250,500
2011-04-30_18.37.52_01024,1458,0.265,-1250,750,1458,0.263,-1250,750,1458,0.210,-1250,750,1458,0.265,-1250,750
2011-04-30_18.40.20_01024,707,0.353,500,-500,1031,0.037,-1000,-250,901,0.439,500,-750,901,0.331,500,-750
2011-10-01_17.13.12_01024,2658,0.042,2000,1750,2658,0.142,2000,1750,2550,0.117,-2500,-500,2658,0.042,2000,1750
2011-10-01_17.15.04_01024,2915,0.283,-1500,-2500,2915,0.282,-1500,-2500,2915,0.269,-1500,-2500,2915,0.283,-1500,-2500
2011-10-01_17.18.26_01024,2500,0.006,0,-2500,2693,0.014,-1000,-2500,2475,0.070,1750,-1750,2500,0.004,0,-2500
2011-10-01_17.19.13_01024,2016,0.461,-1000,-1750,2016,0.454,-1000,-1750,2016,0.330,-1000,-1750,2016,0.462,-1000,-1750
2011-10-04_14.25.54_01024,250,2.004,-250,0,250,1.971,-250,0,2574,0.090,-1250,-2250,250,2.001,-250,0
2011-10-04_14.26.04_01024,0,8.182,0,0,0,7.984,0,0,0,0.180,0,0,0,8.192,0,0
2011-10-04_14.26.13_01024,0,2.170,0,0,0,4.903,0,0,2693,0.053,-2500,1000,0,2.164,0,0
2011-10-04_14.31.44_01024,2136,0.109,-750,2000,2236,0.487,-1000,2000,2136,0.102,-750,2000,2136,0.095,-750,2000
2011-10-04_14.42.53_01024,3052,0.071,1750,2500,2693,0.073,-2500,-1000,3052,0.122,1750,2500,3052,0.032,1750,2500
2011-10-04_14.43.05_01024,3363,0.069,2250,2500,2136,0.170,2000,750,3363,0.104,2250,2500,3363,0.064,2250,2500
2011-10-04_14.44.30_01024,3536,0.089,2500,2500,3536,0.005,2500,2500,2550,0.091,-500,-2500,3536,0.079,2500,2500
2011-10-04_14.48.13_01024,3536,0.060,-2500,-2500,3536,0.010,-2500,-2500,3536,0.103,-2500,-2500,3536,0.059,-2500,-2500
2011-10-04_14.48.49_01024,2264,0.122,-250,-2250,2264,0.116,-250,-2250,2264,0.135,-250,-2250,2264,0.123,-250,-2250
2011-10-04_14.56.14_01024,2512,0.011,-2500,250,2500,0.059,-2500,0,2915,0.110,-2500,1500,2512,0.012,-2500,250
2011-10-04_15.06.11_01024,2574,0.077,1250,2250,2574,0.077,1250,2250,2574,0.083,1250,2250,2574,0.077,1250,2250
2011-10-04_15.06.31_01024,0,0.052,0,0,0,0.051,0,0,1061,0.007,-750,-750,0,0.044,0,0
2011-10-04_15.06.42_01024,559,0.231,-500,250,559,0.364,-500,250,250,0.183,0,250,354,0.216,-250,250
2011-10-04_15.09.39_01024,1250,0.533,1250,0,1250,0.489,1250,0,1250,0.496,1250,0,1250,0.533,1250,0
2011-10-04_15.12.05_01024,1677,0.073,-1500,-750,1677,0.076,-1500,-750,1677,0.066,-1500,-750,1677,0.072,-1500,-750
2011-10-04_15.13.14_01024,3363,0.153,-2250,2500,3363,0.152,-2250,2500,3363,0.138,-2250,2500,3363,0.152,-2250,2500
2011-10-04_15.15.40_01024,1768,0.175,250,1750,1768,0.042,250,1750,1768,0.074,250,1750,1768,0.175,250,1750
2011-10-04_15.19.34_01024,901,0.088,-500,750,901,0.078,-500,750,791,0.199,-250,750,901,0.088,-500,750
2011-10-04_15.20.30_01024,1677,0.054,750,-1500,1677,0.051,750,-1500,1677,0.054,750,-1500,1677,0.054,750,-1500
2011-10-04_15.20.38_01024,2016,0.491,1000,-1750,2016,0.485,1000,-1750,2016,0.439,1000,-1750,2016,0.491,1000,-1750
2011-10-04_15.20.55_01024,2358,0.728,2000,1250,2358,0.734,2000,1250,2358,0.060,2000,1250,2358,0.728,2000,1250
2011-10-04_15.22.47_01024,2500,0.201,-1500,-2000,2500,0.138,-1500,-2000,1031,0.182,250,1000,2500,0.201,-1500,-2000
2011-10-04_15.28.13_01024,0,0.838,0,0,0,0.873,0,0,0,0.808,0,0,0,0.838,0,0
2011-10-04_15.46.39_01024,1250,0.263,750,1000,1250,0.260,750,1000,1250,0.159,750,1000,1250,0.263,750,1000
2011-10-04_15.48.56_01024,901,0.355,750,-500,901,0.355,750,-500,901,0.327,750,-500,901,0.355,750,-500
2011-10-04_15.50.30_01024,2264,0.063,250,-2250,2264,0.061,250,-2250,2658,0.092,2000,1750,2264,0.063,250,-2250
2011-10-04_15.52.38_01024,1346,0.150,500,-1250,1346,0.152,500,-1250,3536,0.064,2500,2500,1346,0.150,500,-1250
2011-10-04_16.03.27_01024,2475,0.242,1750,-1750,2475,0.223,1750,-1750,2475,0.443,1750,-1750,2475,0.241,1750,-1750
2011-10-04_16.13.26_01024,3052,0.095,2500,-1750,3052,0.009,2500,-1750,3363,0.016,2500,-2250,3052,0.101,2500,-1750
2011-10-04_16.20.03_01024,1581,0.019,-500,1500,2264,0.095,2250,250,1521,0.018,250,1500,1581,0.015,-500,1500
2011-10-04_16.21.36_01024,2358,0.068,1250,-2000,1275,0.054,1250,-250,3010,0.187,-2000,-2250,2358,0.067,1250,-2000
2011-10-06_11.24.33_01024,3536,0.918,-2500,-2500,3536,0.487,-2500,-2500,3536,0.920,-2500,-2500,3536,0.918,-2500,-2500
2011-10-06_14.41.52_01024,3202,0.015,-2500,2000,2610,0.014,-2500,750,3202,0.013,-2500,2000,3202,0.015,-2500,2000
2011-10-06_14.42.18_01024,2610,0.013,-2500,750,2610,0.028,-2500,750,2610,0.012,-2500,750,2610,0.012,-2500,750
2011-10-06_14.42.24_01024,2915,0.012,2500,-1500,3202,0.003,-2500,2000,3052,0.061,2500,1750,2693,0.040,2500,-1000
2011-10-06_14.43.20_01024,2915,0.158,2500,-1500,2915,0.117,2500,-1500,2915,0.104,2500,-1500,2915,0.146,2500,-1500
2011-10-06_15.11.17_01024,1118,0.047,-1000,500,1346,0.195,-500,1250,3202,0.047,-2000,2500,1118,0.043,-1000,500
2011-10-07_10.26.24_01024,2658,0.051,2000,-1750,2658,0.053,2000,-1750,2658,0.045,2000,-1750,2658,0.051,2000,-1750
2011-10-07_10.52.05_01024,2915,0.139,2500,-1500,2500,0.238,2000,-1500,2658,0.235,-2000,-1750,2915,0.138,2500,-1500
2011-10-07_11.01.09_01024,791,0.010,-750,-250,2512,0.053,-250,-2500,2062,0.198,-500,-2000,791,0.010,-750,-250
2011-10-07_11.37.54_01024,2062,0.095,-2000,500,2062,0.139,-2000,500,2915,0.005,-1500,-2500,2062,0.095,-2000,500
2011-10-07_11.56.32_01024,750,0.248,0,-750,750,0.013,0,-750,750,0.246,0,-750,750,0.248,0,-750
2012-02-18_18.32.18_01024,354,0.018,-250,250,559,0.973,-500,250,2795,0.050,2500,-1250,354,0.008,-250,250
DSCF3435_01024,2693,0.133,2500,-1000,2693,0.126,2500,-1000,2693,0.146,2500,-1000,2693,0.133,2500,-1000
DSCF3436_01024,250,0.454,0,-250,250,0.434,0,-250,0,0.571,0,0,250,0.463,0,-250
DSCF3440_01024,250,0.105,-250,0,707,0.260,-500,-500,559,0.176,-500,-250,250,0.118,-250,0
DSCF3441_01024,1581,0.110,-1500,500,1581,0.084,-1500,500,1750,0.140,-1750,0,1581,0.110,-1500,500
DSCF3442_01024,1677,0.024,-1500,-750,1677,0.017,-1500,-750,1677,0.014,-1500,-750,1677,0.024,-1500,-750
DSCF3452_01024,1521,0.041,1500,250,3010,0.028,-2250,2000,1521,0.032,1500,250,1521,0.051,1500,250
DSCF3456_01024,500,0.357,0,-500,500,0.872,0,-500,500,0.138,0,-500,500,0.332,0,-500
DSCF3458_01024,0,1.358,0,0,0,0.479,0,0,354,1.265,-250,-250,0,1.354,0,0
IMG_1820_01024,2610,0.522,2500,750,2610,0.585,2500,750,2610,0.479,2500,750,2610,0.539,2500,750
IMG_1821_01024,1953,0.050,-1250,-1500,1346,0.182,-1250,-500,2305,0.223,-1500,-1750,1953,0.000,-1250,-1500
IMG_1838_01024,3536,0.161,-2500,2500,3536,0.156,-2500,2500,3536,0.148,-2500,2500,3536,0.164,-2500,2500
IMG_1840_01024,1601,0.054,1250,-1000,3536,0.041,-2500,2500,2016,0.346,1750,-1000,1601,0.004,1250,-1000
IMG_1854_01024,250,0.386,0,250,354,0.305,-250,250,500,1.108,0,500,250,0.398,0,250
IMG_1855_01024,1677,0.056,-750,-1500,1458,0.418,-750,-1250,750,0.014,0,-750,1677,0.136,-750,-1500
IMG_1856_01024,1250,0.623,750,-1000,1250,0.920,750,-1000,1250,0.348,750,-1000,1250,0.415,750,-1000
IMG_4833_01024,559,0.048,-500,-250,2704,0.025,1500,-2250,2512,0.055,2500,250,559,0.053,-500,-250
IMG_4922_01024,1820,0.030,500,-1750,750,0.039,0,750,1820,0.034,500,-1750,1820,0.030,500,-1750
IMG_4923_01024,1904,0.094,750,-1750,1031,0.252,250,-1000,1904,0.073,750,-1750,1904,0.098,750,-1750
IMG_4930_01024,1118,0.010,1000,-500,559,0.087,-500,250,1601,0.034,1250,-1000,1118,0.003,1000,-500
IMG_4948_01024,791,0.072,-750,250,791,0.049,-750,250,250,0.734,0,250,791,0.069,-750,250
IMG_4955_01024,250,0.082,0,250,750,0.060,-750,0,2693,0.031,2500,-1000,0,0.038,0,0
IMG_4958_01024,707,0.006,-500,500,250,0.429,0,250,2475,0.043,1750,-1750,707,0.013,-500,500
IMG_4970_01024,0,0.218,0,0,250,0.068,0,-250,3052,0.001,1750,-2500,0,0.167,0,0
IMG_4972_01024,2795,0.011,2500,1250,2236,0.020,-2000,-1000,3052,0.004,2500,-1750,2795,0.010,2500,1250
IMG_4985_01024,1061,0.041,-750,-750,750,0.287,-750,0,2151,0.073,1750,-1250,1061,0.040,-750,-750
IMG_4986_01024,354,0.031,-250,250,3202,0.017,2000,2500,1953,0.017,1500,-1250,354,0.008,-250,250
IMG_4999_01024,2704,0.005,2250,1500,3202,0.088,2500,2000,2062,0.051,2000,500,2512,0.005,250,2500
IMG_5004_01024,2915,0.097,1500,-2500,2264,0.054,2250,-250,2475,0.064,1750,1750,3010,0.141,2250,-2000
IMG_5008_01024,1061,0.019,-750,-750,3202,0.031,2500,2000,2000,0.039,2000,0,1581,0.014,1500,-500
IMG_5011_01024,500,0.022,0,-500,1414,0.100,1000,-1000,1768,0.038,1750,250,500,0.017,0,-500
IMG_5021_01024,2462,0.014,2250,1000,2016,0.121,250,-2000,2462,0.027,2250,1000,2462,0.011,2250,1000
IMG_5038_01024,250,0.289,-250,0,0,0.182,0,0,250,0.255,-250,0,250,0.296,-250,0
IMG_5039_01024,250,0.818,-250,0,250,0.335,-250,0,250,0.222,-250,0,250,0.715,-250,0
IMG_5040_01024,2610,0.026,750,-2500,354,0.092,250,250,3052,0.035,1750,-2500,2610,0.040,750,-2500
IMG_5045_01024,791,0.333,-750,250,791,0.319,-750,250,791,0.286,-750,250,791,0.337,-750,250
IMG_5046_01024,1953,0.062,-1500,1250,1953,0.042,-1500,1250,1953,0.147,-1500,1250,1953,0.062,-1500,1250
IMG_5104_01024,2500,0.029,0,-2500,2500,0.040,0,-2500,707,0.138,500,-500,2500,0.029,0,-2500
IMG_5106_01024,500,0.843,500,0,500,0.839,500,0,1346,0.061,-500,-1250,500,0.856,500,0
IMG_5113_01024,0,0.449,0,0,0,0.856,0,0,0,0.087,0,0,0,0.445,0,0
IMG_5114_01024,250,0.930,250,0,250,0.638,250,0,1061,0.064,750,750,250,0.934,250,0
IMG_5117_01024,1118,0.111,-1000,500,2550,0.001,500,2500,0,0.028,0,0,1118,0.095,-1000,500
IMG_5118_01024,750,0.041,-750,0,750,0.021,-750,0,354,0.063,-250,250,750,0.041,-750,0
IMG_5125_01024,1346,0.025,-500,1250,0,0.221,0,0,0,0.048,0,0,1346,0.024,-500,1250
IMG_5126_01024,559,0.004,-250,500,1904,0.016,-750,1750,0,0.073,0,0,559,0.006,-250,500
IMG_5128_01024,0,0.486,0,0,250,1.120,0,-250,559,0.461,500,-250,0,0.472,0,0
IMG_5130_01024,250,0.642,0,250,250,0.686,250,0,354,0.177,250,-250,250,0.622,0,250
IMG_5131_01024,354,0.183,-250,-250,354,0.155,-250,-250,1677,0.024,-750,-1500,354,0.183,-250,-250
IMG_5133_01024,1768,0.014,-1250,-1250,1031,0.336,1000,-250,354,0.093,250,-250,791,0.013,-750,-250
IMG_5141_01024,2850,0.101,-1750,2250,2704,0.009,1500,-2250,2850,0.047,-1750,2250,2850,0.120,-1750,2250
IMG_5143_01024,2550,0.040,-500,2500,2550,0.204,-500,2500,559,0.082,500,-250,2550,0.044,-500,2500
IMG_5145_01024,1904,0.044,-750,-1750,1250,0.294,0,1250,559,0.039,500,-250,2372,0.014,-750,-2250
IMG_5153_01024,250,0.957,250,0,0,1.763,0,0,0,0.026,0,0,250,0.972,250,0
IMG_5156_01024,0,0.497,0,0,0,0.521,0,0,0,0.022,0,0,0,0.494,0,0
IMG_5159_01024,0,0.001,0,0,2828,0.005,2000,2000,1581,0.021,500,-1500,2550,0.001,-500,-2500
IMG_5178_01024,2550,0.081,500,2500,2550,0.069,500,2500,1677,0.022,-1500,-750,2550,0.098,500,2500
IMG_5180_01024,3052,0.117,-2500,-1750,2850,0.171,-1750,2250,3202,0.028,-2000,-2500,3202,0.091,-2500,-2000
IMG_5181_01024,1768,0.029,1750,-250,2574,0.090,-1250,-2250,500,0.034,500,0,1768,0.024,1750,-250
IMG_5187_01024,791,0.045,-250,-750,559,0.001,-250,-500,791,0.073,-250,750,791,0.063,-250,-750
IMG_5195_01024,0,0.409,0,0,0,0.495,0,0,559,0.053,-500,250,0,0.407,0,0
IMG_5199_01024,2264,0.034,2250,-250,559,0.127,-250,-500,2512,0.052,2500,-250,2264,0.022,2250,-250
IMG_5200_01024,0,0.776,0,0,0,1.281,0,0,0,0.206,0,0,0,0.780,0,0
IMG_5234_01024,354,0.531,-250,-250,250,0.032,-250,0,559,0.015,-250,-500,354,0.541,-250,-250
IMG_5238_01024,2915,0.334,-1500,-2500,2915,0.321,-1500,-2500,2915,0.041,-1500,-2500,2915,0.360,-1500,-2500
IMG_5239_01024,2016,0.044,-2000,-250,0,0.467,0,0,2828,0.033,-2000,2000,2016,0.054,-2000,-250
IMG_5241_01024,2475,0.078,-1750,1750,0,0.697,0,0,2795,0.046,1250,-2500,250,0.110,0,-250
IMG_5242_01024,1768,0.108,250,1750,250,1.157,0,-250,1118,0.076,500,1000,1768,0.128,250,1750
IMG_5255_01024,0,0.003,0,0,0,0.034,0,0,2372,0.007,-2250,-750,2151,0.008,1750,-1250
IMG_5268_01024,250,0.743,0,-250,250,0.046,0,-250,1521,0.011,1500,250,250,0.754,0,-250
_dsc0011_01024,2016,0.009,1000,-1750,1458,0.002,1250,-750,2016,0.046,1000,-1750,3536,0.031,2500,2500
_dsc0013_01024,2236,0.034,2000,1000,2475,0.223,-1750,-1750,2704,0.014,-2250,-1500,2236,0.011,2000,1000
_dsc0022_01024,1458,0.027,-1250,-750,2512,0.045,-2500,250,1677,0.004,-1500,-750,1458,0.011,-1250,-750
_dsc0024_01024,1031,0.162,250,-1000,1031,0.154,1000,250,1031,0.110,250,-1000,1031,0.162,250,-1000
_dsc0027_01024,250,0.015,-250,0,2121,0.055,-1500,-1500,250,0.027,-250,0,250,0.020,-250,0
_dsc0028_01024,2828,0.009,-2000,2000,1904,0.092,-750,1750,1904,0.018,-750,1750,2828,0.013,-2000,2000
_dsc0030_01024,0,0.310,0,0,1768,0.050,-1750,250,1250,0.012,1000,-750,0,0.309,0,0
_dsc0034_01024,354,0.029,250,250,1500,0.001,1500,0,354,0.091,250,250,354,0.038,250,250
_dsc0035_01024,1250,0.035,750,1000,2693,0.122,-1000,2500,707,0.040,500,500,1250,0.059,750,1000
_dsc0037_01024,2016,0.027,250,-2000,2574,0.129,2250,1250,2236,0.033,-2000,-1000,2016,0.048,250,-2000
_dsc0051_01024,791,0.170,-250,-750,250,0.179,250,0,2305,0.002,-2250,500,791,0.154,-250,-750
_dsc0071_01024,901,0.171,-750,500,1953,0.156,1500,-1250,1677,0.076,-750,-1500,901,0.149,-750,500
_dsc0074_01024,1677,0.132,-1500,-750,1768,0.007,-1750,250,2305,0.021,2250,-500,1677,0.120,-1500,-750
chur_DSC02394_01024,2795,0.434,2500,-1250,2795,0.328,2500,-1250,2795,0.426,2500,-1250,2795,0.434,2500,-1250
corvatschDSC00564_01024,0,1.634,0,0,0,2.297,0,0,0,1.124,0,0,0,1.630,0,0
dsc02493_01024,250,0.388,0,-250,250,0.420,0,-250,250,0.272,250,0,250,0.411,0,-250
dsc02494_01024,2250,0.071,2250,0,2250,0.173,2250,0,2704,0.072,2250,1500,2704,0.012,2250,1500
dsc02497_01024,500,0.005,0,-500,2850,0.005,2250,1750,250,0.011,0,-250,500,0.005,0,-500
dsc02498_01024,354,0.385,250,-250,354,0.389,250,-250,354,0.375,250,-250,354,0.385,250,-250
dsc02502_01024,354,0.727,-250,250,354,0.749,-250,250,250,0.886,-250,0,354,0.727,-250,250
dsc02503_01024,791,0.833,750,250,791,0.827,750,250,791,0.852,750,250,791,0.834,750,250
dsc02509_01024,791,0.091,750,250,791,0.088,750,250,791,0.094,750,250,791,0.092,750,250
dsc02510_01024,2574,0.032,-1250,-2250,2574,0.038,-1250,-2250,2574,0.026,-1250,-2250,2574,0.032,-1250,-2250
dsc02511_01024,0,0.336,0,0,0,0.320,0,0,0,0.365,0,0,0,0.334,0,0
dsc02512_01024,0,1.147,0,0,0,1.146,0,0,0,1.145,0,0,0,1.147,0,0
dsc02513_01024,2016,0.002,-1750,1000,2151,0.011,-1750,1250,1458,0.003,1250,750,1458,0.009,1250,750
dsc02516_01024,2462,0.203,-1000,-2250,2462,0.209,-1000,-2250,2462,0.197,-1000,-2250,2462,0.203,-1000,-2250
dsc02517_01024,0,1.850,0,0,0,1.843,0,0,0,1.856,0,0,0,1.849,0,0
dsc02518_01024,1500,0.003,0,1500,1000,0.001,-1000,0,1500,0.015,0,1500,1500,0.007,0,1500
dsc02523_01024,1061,0.042,750,-750,2250,0.009,0,2250,1275,0.093,-250,-1250,1061,0.041,750,-750
dsc02527_01024,0,0.095,0,0,1061,0.046,750,750,0,0.271,0,0,0,0.092,0,0
dsc02528_01024,0,0.445,0,0,0,0.191,0,0,0,0.453,0,0,0,0.447,0,0
dsc02529_01024,1061,0.092,-750,750,2000,0.003,0,2000,1061,0.152,-750,750,1061,0.091,-750,750
dsc02538_01024,0,1.998,0,0,0,1.982,0,0,0,1.991,0,0,0,1.998,0,0
dsc02539_01024,0,1.326,0,0,250,0.806,0,250,0,1.341,0,0,0,1.326,0,0
dsc02545_01024,0,1.099,0,0,0,1.103,0,0,0,1.017,0,0,0,1.101,0,0
dsc02546_01024,354,0.566,250,-250,354,0.630,250,-250,354,0.448,250,-250,354,0.568,250,-250
dsc02604_01024,2250,0.037,2250,0,1521,0.049,-1500,-250,3536,0.016,2500,2500,2574,0.025,1250,2250
dsc02605_01024,2795,0.048,2500,-1250,2795,0.045,2500,-1250,2795,0.051,2500,-1250,2795,0.048,2500,-1250
dsc02606_01024,1521,0.030,-250,-1500,1521,0.030,-250,-1500,1521,0.025,-250,-1500,1521,0.030,-250,-1500
dsc02607_01024,354,0.055,250,-250,354,0.056,250,-250,354,0.054,250,-250,354,0.055,250,-250
dsc02608_01024,250,0.493,0,-250,250,0.468,0,-250,250,0.496,0,-250,250,0.493,0,-250
dsc02715_01024,0,0.036,0,0,250,0.377,-250,0,3363,0.078,-2250,2500,0,0.025,0,0
dsc02716_01024,1768,0.083,-1750,250,1768,0.075,-1750,250,1768,0.089,-1750,250,1768,0.083,-1750,250
dsc02717_01024,1458,0.955,-750,1250,1458,0.960,-750,1250,1458,0.949,-750,1250,1458,0.954,-750,1250
dsc02718_01024,1250,0.749,-750,1000,1250,0.755,-750,1000,1250,0.742,-750,1000,1250,0.749,-750,1000
dsc02719_01024,1500,0.270,0,1500,1500,0.270,0,1500,1500,0.270,0,1500,1500,0.270,0,1500
dsc02720_01024,2850,0.126,-1750,2250,2850,0.124,-1750,2250,2850,0.090,-1750,2250,2850,0.126,-1750,2250
dsc02728_01024,3363,0.046,2500,-2250,3363,0.044,2500,-2250,3363,0.067,2500,-2250,3363,0.046,2500,-2250
dsc02729_01024,2850,0.949,-2250,-1750,2850,0.930,-2250,-1750,2850,0.957,-2250,-1750,2850,0.949,-2250,-1750
dsc02737_01024,2136,0.997,750,-2000,2136,0.837,750,-2000,3052,0.033,1750,-2500,2136,0.996,750,-2000
dsc02754_01024,0,0.224,0,0,0,0.530,0,0,0,0.003,0,0,0,0.057,0,0
dsc02806_01024,1904,0.016,-1750,750,1904,0.017,-1750,750,1904,0.015,-1750,750,1904,0.016,-1750,750
dsc02809_01024,250,1.490,0,250,250,1.505,0,250,250,1.475,0,250,250,1.485,0,250
dsc02812_01024,250,0.609,0,250,250,0.612,0,250,250,0.599,0,250,250,0.609,0,250
dsc02828_01024,2500,0.280,-2500,0,2500,0.279,-2500,0,2500,0.271,-2500,0,2500,0.280,-2500,0
dsc02830_01024,2372,0.089,-2250,-750,2372,0.089,-2250,-750,2372,0.089,-2250,-750,2372,0.089,-2250,-750
dsc02833_01024,2512,0.052,250,-2500,2512,0.053,250,-2500,2512,0.029,250,-2500,2512,0.052,250,-2500
dsc02834_01024,1061,0.070,750,-750,1061,0.097,750,-750,3202,0.012,-2500,-2000,1061,0.070,750,-750
dsc03016_01024,559,0.042,-250,500,354,0.024,-250,250,559,0.040,-250,500,559,0.042,-250,500
dsc03102_01024,1031,0.109,-1000,-250,3536,0.066,-2500,2500,1031,0.558,-1000,-250,1031,0.103,-1000,-250
dsc03118_01024,559,0.030,-500,250,2693,0.007,-2500,1000,2305,0.069,-1750,-1500,559,0.025,-500,250
dsc03119_01024,2500,0.069,2000,1500,2062,0.006,2000,-500,1118,0.010,-500,-1000,2500,0.025,2000,1500
dsc03127_01024,2462,0.094,-2250,1000,2610,0.018,-2500,750,2574,0.310,-2250,1250,2462,0.080,-2250,1000
dsc03128_01024,2610,0.018,2500,750,3363,0.013,-2500,2250,2610,0.060,2500,750,2610,0.035,2500,750
dsc03145_01024,2550,0.665,500,-2500,2550,0.664,500,-2500,2550,0.662,500,-2500,2550,0.665,500,-2500
dsc05142_01024,0,1.906,0,0,0,0.660,0,0,0,1.801,0,0,0,1.919,0,0
dsc05274_01024,354,0.626,-250,250,3010,0.004,2000,2250,250,1.070,250,0,354,0.632,-250,250
dsc05325_01024,250,1.107,0,250,250,0.629,0,250,250,0.992,0,250,250,1.110,0,250
img_3407_01024,1250,0.026,750,-1000,1250,0.013,750,-1000,1250,0.023,750,-1000,1250,0.026,750,-1000
img_3408_01024,559,0.175,-500,-250,559,0.126,-500,-250,707,0.223,-500,-500,559,0.173,-500,-250
rapperswildsc00198_01024,2915,0.259,2500,-1500,2915,0.276,2500,-1500,2915,0.241,2500,-1500,2915,0.258,2500,-1500
rigistaffelDSC08881_01024,750,0.093,750,0,750,0.056,750,0,901,0.018,500,-750,750,0.088,750,0
stmoritzDSC00551_01024,0,3.265,0,0,0,9.191,0,0,250,0.381,250,0,250,1.994,0,250
stmoritzDSC00554_01024,0,0.339,0,0,0,0.948,0,0,2550,0.007,2500,-500,250,0.529,0,-250
1332166_01024,500,0.010,500,0,0,0.613,0,0,3010,0.009,2000,2250,1458,0.005,1250,-750
20663115_01024,1000,0.190,0,1000,1031,0.168,-250,1000,1031,0.134,250,1000,1000,0.201,0,1000
24945353_01024,354,1.017,250,250,354,1.018,250,250,354,0.710,250,250,354,1.018,250,250
39298990_01024,2305,0.083,-1500,-1750,2305,0.122,-1500,-1750,2500,0.085,0,-2500,2305,0.084,-1500,-1750
45814775_01024,750,0.706,0,-750,559,0.011,-500,250,1118,0.005,1000,-500,750,0.585,0,-750
48605067_01024,0,0.515,0,0,0,1.496,0,0,0,0.150,0,0,0,0.389,0,0
60648419_01024,354,0.968,250,-250,354,0.853,250,-250,354,0.399,250,-250,354,0.656,250,-250
