photo,err_default,margin_default,dn_default,de_default,err_loose,margin_loose,dn_loose,de_loose,err_strict,margin_strict,dn_strict,de_strict,err_deep,margin_deep,dn_deep,de_deep,err_svm,margin_svm,dn_svm,de_svm
04032011389_01024,500,0.279,500,0,500,0.422,500,0,559,0.065,500,-250,500,0.277,500,0,2658,0.187,-1750,-2000
04032011391_01024,791,0.120,-250,750,791,0.133,-250,750,1031,0.023,-250,1000,791,0.124,-250,750,2658,0.130,-1750,-2000
2011-04-30_18.40.20_01024,791,0.244,250,-750,3010,0.028,-2000,-2250,901,0.447,500,-750,791,0.162,250,-750,1275,0.023,1250,250
2011-10-01_17.15.04_01024,2915,0.303,-1500,-2500,2915,0.303,-1500,-2500,2915,0.286,-1500,-2500,2915,0.303,-1500,-2500,2693,0.013,-1000,-2500
2011-10-01_17.19.13_01024,2704,0.183,-1500,-2250,2704,0.177,-1500,-2250,2704,0.173,-1500,-2250,2704,0.186,-1500,-2250,2462,0.120,-1000,-2250
2011-10-04_14.26.04_01024,0,8.696,0,0,0,8.801,0,0,0,0.179,0,0,0,8.710,0,0,0,7.335,0,0
2011-10-04_14.31.44_01024,2136,0.139,-750,2000,2236,0.563,-1000,2000,2136,0.129,-750,2000,2136,0.118,-750,2000,2550,0.043,500,2500
2011-10-04_14.43.05_01024,3363,0.061,2250,2500,1677,0.032,1500,750,3363,0.113,2250,2500,3363,0.053,2250,2500,3010,0.058,-2250,-2000
2011-10-04_14.48.13_01024,3536,0.056,-2500,-2500,3536,0.010,-2500,-2500,3536,0.098,-2500,-2500,3536,0.054,-2500,-2500,2915,0.284,1500,2500
2011-10-04_14.56.14_01024,2062,0.021,-2000,500,2500,0.052,-2500,0,2915,0.105,-2500,1500,2062,0.022,-2000,500,2136,0.030,-750,2000
2011-10-04_15.06.31_01024,1118,0.285,-1000,-500,1118,0.297,-1000,-500,1061,0.084,-750,-750,1118,0.304,-1000,-500,1118,0.617,-1000,-500
2011-10-04_15.09.39_01024,1250,0.462,1250,0,1250,0.411,1250,0,1250,0.450,1250,0,1250,0.462,1250,0,1275,0.155,1250,-250
2011-10-04_15.13.14_01024,3010,0.160,-2000,2250,3010,0.158,-2000,2250,3363,0.111,-2250,2500,3010,0.159,-2000,2250,3363,0.195,-2250,2500
2011-10-04_15.19.34_01024,1346,0.160,-1250,500,1346,0.184,-1250,500,559,0.338,250,500,1346,0.160,-1250,500,2358,0.004,-1250,2000
2011-10-04_15.20.38_01024,2016,0.329,1000,-1750,2016,0.327,1000,-1750,2016,0.326,1000,-1750,2016,0.329,1000,-1750,2016,0.346,1000,-1750
2011-10-04_15.22.47_01024,1521,0.002,250,-1500,1521,0.004,250,-1500,791,0.019,250,750,1521,0.002,250,-1500,3052,0.059,1750,2500
2011-10-04_15.46.39_01024,707,0.041,-500,-500,707,0.044,-500,-500,1118,0.041,500,1000,707,0.041,-500,-500,707,0.050,-500,-500
2011-10-04_15.50.30_01024,2264,0.069,250,-2250,2264,0.067,250,-2250,2658,0.093,2000,1750,2264,0.069,250,-2250,1346,0.510,1250,500
2011-10-04_16.03.27_01024,2500,0.015,2000,-1500,2500,0.020,2000,-1500,2658,0.605,2000,-1750,2500,0.016,2000,-1500,2658,0.450,2000,-1750
2011-10-04_16.20.03_01024,1521,0.029,-250,1500,1677,0.015,-750,1500,1521,0.024,250,1500,1521,0.023,-250,1500,2305,0.255,2250,500
2011-10-06_11.24.33_01024,3536,0.968,-2500,-2500,3536,0.519,-2500,-2500,3536,0.969,-2500,-2500,3536,0.967,-2500,-2500,3536,0.966,-2500,-2500
2011-10-06_14.42.18_01024,2610,0.015,-2500,750,2610,0.026,-2500,750,2610,0.014,-2500,750,2610,0.013,-2500,750,1768,0.726,1750,-250
2011-10-06_14.43.20_01024,2915,0.139,2500,-1500,2915,0.090,2500,-1500,2915,0.095,2500,-1500,2915,0.129,2500,-1500,2915,0.037,2500,-1500
2011-10-07_10.26.24_01024,2658,0.036,2000,-1750,2658,0.038,2000,-1750,2658,0.033,2000,-1750,2658,0.036,2000,-1750,3052,0.022,2500,-1750
2011-10-07_11.01.09_01024,791,0.043,-750,-250,791,0.013,-750,-250,2062,0.182,-500,-2000,791,0.043,-750,-250,791,0.057,-750,-250
2011-10-07_11.56.32_01024,750,0.131,0,-750,3363,0.040,-2250,-2500,750,0.178,0,-750,750,0.129,0,-750,750,0.121,0,-750
DSCF3435_01024,2462,0.098,2250,-1000,2462,0.094,2250,-1000,2462,0.126,2250,-1000,2462,0.099,2250,-1000,2136,0.117,2000,-750
DSCF3440_01024,791,3.192,250,750,791,3.299,250,750,791,2.557,250,750,791,3.272,250,750,791,0.800,250,750
DSCF3442_01024,250,0.052,0,-250,250,0.047,0,-250,250,0.056,0,-250,250,0.052,0,-250,0,0.170,0,0
DSCF3456_01024,500,0.720,0,-500,500,1.726,0,-500,500,0.336,0,-500,500,0.689,0,-500,500,1.475,0,-500
IMG_1820_01024,2610,0.456,2500,750,2610,0.512,2500,750,2610,0.418,2500,750,2610,0.471,2500,750,2610,0.319,2500,750
IMG_1838_01024,3536,0.154,-2500,2500,3536,0.150,-2500,2500,3536,0.094,-2500,2500,3536,0.156,-2500,2500,2016,0.071,1750,-1000
IMG_1854_01024,250,0.648,0,250,250,0.554,0,250,354,0.756,250,250,250,0.638,0,250,354,0.298,250,250
IMG_1856_01024,1061,0.482,750,-750,1061,0.277,750,-750,1061,0.337,750,-750,1414,0.501,1000,-1000,2151,0.092,1750,-1250
IMG_4922_01024,1820,0.035,500,-1750,250,0.026,-250,0,1820,0.034,500,-1750,1820,0.034,500,-1750,1820,0.044,500,-1750
IMG_4930_01024,1118,0.026,1000,-500,559,0.097,-500,250,1677,0.049,750,-1500,1118,0.017,1000,-500,1677,0.142,750,-1500
IMG_4955_01024,354,0.176,-250,250,1414,0.033,-1000,1000,2693,0.024,2500,-1000,354,0.148,-250,250,2512,0.044,2500,-250
IMG_4970_01024,559,0.158,500,250,250,0.123,250,0,3363,0.006,2250,-2500,559,0.112,500,250,3202,0.056,2500,-2000
IMG_4985_01024,1061,0.058,-750,-750,1000,0.137,-1000,0,2372,0.031,2250,-750,1250,0.071,-1000,-750,2151,0.075,1750,-1250
IMG_4999_01024,2704,0.002,2250,1500,3202,0.076,2500,2000,2062,0.046,2000,500,2550,0.008,500,2500,2016,0.573,2000,-250
IMG_5008_01024,1581,0.007,-1500,-500,3010,0.078,2250,2000,2000,0.036,2000,0,2358,0.002,2000,1250,2062,0.001,2000,-500
IMG_5021_01024,2915,0.002,1500,2500,2016,0.087,250,-2000,2462,0.032,2250,1000,2462,0.003,2250,1000,250,0.036,250,0
IMG_5039_01024,791,0.518,-250,750,901,0.314,-500,750,0,0.217,0,0,791,0.461,-250,750,2693,0.032,2500,-1000
IMG_5045_01024,791,0.290,-750,250,791,0.335,-750,250,791,0.197,-750,250,791,0.283,-750,250,2151,0.024,1250,-1750
IMG_5104_01024,250,0.043,0,250,250,0.053,0,250,707,0.136,500,-500,250,0.044,0,250,707,0.233,500,-500
IMG_5113_01024,250,0.336,0,250,250,0.647,0,250,0,0.086,0,0,250,0.342,0,250,0,0.046,0,0
IMG_5117_01024,1118,0.110,-1000,500,2305,0.123,-1500,1750,0,0.003,0,0,1118,0.095,-1000,500,1768,0.182,250,1750
IMG_5125_01024,1677,0.042,-750,1500,354,0.084,-250,-250,0,0.050,0,0,1677,0.044,-750,1500,0,0.057,0,0
IMG_5128_01024,0,0.448,0,0,250,0.992,0,-250,500,0.445,500,0,0,0.436,0,0,354,0.087,250,-250
IMG_5131_01024,791,0.306,-250,750,791,0.272,-250,750,1581,0.007,-1500,500,791,0.307,-250,750,354,0.081,250,-250
IMG_5141_01024,2795,0.107,-2500,1250,2850,0.040,1750,-2250,2915,0.067,-1500,2500,2795,0.113,-2500,1250,2915,0.022,-2500,1500
IMG_5145_01024,500,0.042,0,-500,1250,0.043,0,1250,559,0.049,500,-250,250,0.000,0,-250,559,0.038,500,-250
IMG_5156_01024,0,0.535,0,0,0,0.558,0,0,0,0.024,0,0,0,0.530,0,0,2372,0.001,2250,750
IMG_5178_01024,1031,0.076,-250,1000,1031,0.098,-250,1000,1346,0.018,-1250,-500,1031,0.065,-250,1000,707,0.012,-500,-500
IMG_5181_01024,1768,0.026,1750,-250,2574,0.129,-1250,-2250,500,0.039,500,0,1768,0.018,1750,-250,1250,0.056,-750,1000
IMG_5195_01024,0,0.415,0,0,0,0.501,0,0,500,0.028,-500,0,0,0.412,0,0,3536,0.018,-2500,2500
IMG_5200_01024,0,0.782,0,0,0,1.235,0,0,0,0.199,0,0,0,0.780,0,0,2462,0.126,2250,-1000
IMG_5238_01024,2915,0.263,-1500,-2500,2915,0.326,-1500,-2500,2610,0.070,-750,-2500,2915,0.163,-1500,-2500,2136,0.013,750,2000
IMG_5241_01024,2475,0.081,-1750,1750,0,0.682,0,0,2795,0.042,1250,-2500,250,0.098,0,-250,2062,0.235,500,2000
IMG_5255_01024,2151,0.003,1750,-1250,0,0.120,0,0,2462,0.001,-2250,-1000,2151,0.015,1750,-1250,0,0.170,0,0
_dsc0011_01024,2693,0.002,1000,2500,2305,0.002,-1750,-1500,3363,0.077,2500,2250,3363,0.048,2500,2250,3363,0.003,2500,2250
_dsc0022_01024,2372,0.014,-2250,-750,3052,0.012,1750,-2500,1904,0.011,-1750,-750,2372,0.018,-2250,-750,1458,0.019,-1250,-750
_dsc0027_01024,354,0.004,-250,-250,1768,0.014,-1750,250,354,0.036,250,250,354,0.026,250,250,354,0.047,250,250
_dsc0030_01024,0,0.324,0,0,901,0.794,750,-500,1458,0.020,750,-1250,0,0.324,0,0,0,0.115,0,0
_dsc0035_01024,1458,0.088,750,1250,1346,0.081,1250,-500,2550,0.003,-500,2500,1458,0.086,750,1250,2550,0.084,-500,2500
_dsc0051_01024,791,0.294,-250,-750,250,0.203,250,0,750,0.010,750,0,791,0.287,-250,-750,559,0.145,-250,-500
_dsc0074_01024,1601,0.015,-1250,-1000,791,0.117,-750,250,1601,0.006,-1250,1000,1601,0.014,-1250,-1000,500,0.016,0,500
corvatschDSC00564_01024,0,2.019,0,0,0,2.413,0,0,0,1.307,0,0,0,2.023,0,0,0,1.312,0,0
dsc02494_01024,2250,0.071,2250,0,2250,0.175,2250,0,2704,0.040,2250,1500,1581,0.003,-1500,-500,1031,0.043,-250,1000
dsc02498_01024,250,0.399,0,-250,250,0.392,0,-250,250,0.396,0,-250,250,0.398,0,-250,250,0.023,0,-250
dsc02503_01024,791,0.863,750,250,791,0.846,750,250,791,0.870,750,250,791,0.863,750,250,1346,0.023,500,-1250
dsc02510_01024,2462,0.044,-1000,-2250,2462,0.047,-1000,-2250,2462,0.039,-1000,-2250,2462,0.044,-1000,-2250,250,0.002,250,0
dsc02512_01024,0,1.436,0,0,0,1.425,0,0,0,1.440,0,0,0,1.436,0,0,0,1.270,0,0
dsc02516_01024,2462,0.199,-1000,-2250,2462,0.206,-1000,-2250,2462,0.198,-1000,-2250,2462,0.199,-1000,-2250,2462,0.181,-1000,-2250
dsc02518_01024,1500,0.136,0,1500,1500,0.141,0,1500,1768,0.090,250,1750,1500,0.135,0,1500,1768,0.173,250,1750
dsc02527_01024,0,0.088,0,0,1061,0.080,750,750,0,0.249,0,0,0,0.084,0,0,0,0.910,0,0
dsc02529_01024,1061,0.092,-750,750,2000,0.005,0,2000,1061,0.156,-750,750,1061,0.091,-750,750,1061,0.208,-750,750
dsc02539_01024,250,1.131,0,250,250,1.137,0,250,250,1.112,0,250,250,1.131,0,250,0,1.041,0,0
dsc02546_01024,354,0.521,250,-250,354,0.575,250,-250,559,0.491,250,-500,354,0.520,250,-250,250,0.294,0,-250
dsc02605_01024,3010,0.066,2250,2000,3010,0.061,2250,2000,3010,0.075,2250,2000,3010,0.066,2250,2000,250,0.042,-250,0
dsc02607_01024,0,0.055,0,0,354,0.049,250,-250,0,0.063,0,0,0,0.055,0,0,559,0.007,250,500
dsc02715_01024,1031,0.002,1000,-250,791,0.005,750,-250,3363,0.052,-2250,2500,1031,0.003,1000,-250,1031,0.066,-1000,-250
dsc02717_01024,1601,1.602,-1000,1250,1601,1.608,-1000,1250,1601,1.596,-1000,1250,1601,1.602,-1000,1250,1601,1.510,-1000,1250
dsc02719_01024,1500,0.124,0,1500,1500,0.121,0,1500,1500,0.125,0,1500,1500,0.124,0,1500,1500,0.124,0,1500
dsc02728_01024,3363,0.063,2500,-2250,3363,0.058,2500,-2250,3363,0.085,2500,-2250,3363,0.063,2500,-2250,3052,0.046,1750,-2500
dsc02737_01024,2136,1.460,750,-2000,2136,1.175,750,-2000,3052,0.064,1750,-2500,2136,1.458,750,-2000,2136,0.357,750,-2000
dsc02806_01024,1904,0.144,-1750,750,1904,0.141,-1750,750,1904,0.147,-1750,750,1904,0.144,-1750,750,1904,0.159,-1750,750
dsc02812_01024,250,0.570,0,250,250,0.571,0,250,250,0.562,0,250,250,0.570,0,250,500,0.026,0,500
dsc02830_01024,2372,0.104,-2250,-750,2372,0.104,-2250,-750,2372,0.104,-2250,-750,2372,0.104,-2250,-750,2475,0.055,-1750,-1750
dsc02834_01024,3202,0.873,-2500,-2000,3202,0.862,-2500,-2000,3202,0.593,-2500,-2000,3202,0.873,-2500,-2000,3202,0.295,-2500,-2000
dsc03102_01024,500,0.151,-500,0,3536,0.087,-2500,2500,500,1.237,-500,0,500,0.159,-500,0,901,0.009,-750,-500
dsc03119_01024,2500,0.068,2000,1500,2500,0.031,2000,1500,1521,0.029,250,-1500,2500,0.021,2000,1500,2305,0.013,1750,1500
dsc03128_01024,2550,0.050,2500,500,3010,0.002,-2250,2000,2372,0.087,2250,750,2550,0.077,2500,500,2550,0.011,2500,500
dsc05142_01024,0,1.414,0,0,0,0.490,0,0,0,1.524,0,0,0,1.428,0,0,0,1.417,0,0
dsc05325_01024,250,1.057,0,250,250,0.592,0,250,250,0.935,0,250,250,1.059,0,250,250,0.984,0,250
img_3408_01024,901,0.152,-500,-750,1118,0.147,-500,-1000,901,0.115,-500,-750,901,0.151,-500,-750,901,0.096,-500,-750
rigistaffelDSC08881_01024,1601,0.001,1000,-1250,1601,0.009,1000,-1250,791,0.136,250,750,1601,0.002,1000,-1250,2062,0.032,-500,-2000
stmoritzDSC00554_01024,0,0.650,0,0,0,1.818,0,0,2236,0.016,2000,-1000,250,0.324,0,-250,3363,0.027,2250,-2500
20663115_01024,1000,0.183,0,1000,1031,0.191,-250,1000,1250,0.060,0,1250,1000,0.196,0,1000,2264,0.004,-250,-2250
39298990_01024,2795,0.009,1250,-2500,2795,0.007,1250,-2500,2500,0.075,0,-2500,2795,0.009,1250,-2500,2795,0.003,1250,-2500
48605067_01024,0,0.487,0,0,0,1.255,0,0,0,0.145,0,0,0,0.369,0,0,0,3.079,0,0
